{"cameraMode":{"drawMode":0,"name":"Shaded","section":"Shading Mode"},"sceneLighting":true,"audioPlay":false,"sceneViewState":{"showFog":true,"showMaterialUpdate":false,"showSkybox":true,"showFlares":true,"showImageEffects":true,"showParticleSystems":true},"in2DMode":false,"pivot":{"x":-0.11606216430664063,"y":-1.1552724838256837,"z":0.2027597427368164},"rotation":{"x":-0.07407282292842865,"y":0.9207912683486939,"z":-0.21541228890419007,"w":-0.3166281580924988},"size":9.282792091369629,"orthographic":false}